aX,aY,aZ,gX,gY,gZ
-0.296,-0.073,1.495,-51.880,-10.132,-3.784
-0.319,-0.119,1.352,-47.607,-0.183,-4.822
-0.288,-0.172,1.202,-23.071,0.305,-2.869
-0.260,-0.163,1.208,-1.038,-6.531,0.610
-0.227,-0.110,1.244,14.404,-14.954,3.845
-0.189,-0.066,1.203,27.710,-17.212,5.371
-0.188,-0.060,1.186,29.175,-19.958,6.226
-0.161,-0.129,1.138,21.667,-21.240,5.127
-0.192,-0.040,1.130,10.498,-23.315,5.798
-0.188,-0.016,1.284,-2.258,-26.611,2.625
-0.231,-0.118,1.293,-17.212,-26.001,-1.709
-0.250,-0.142,1.391,-30.396,-21.790,-2.197
-0.287,-0.172,1.492,-30.273,-22.827,-2.869
-0.301,-0.108,1.567,-29.724,-19.592,-0.427
-0.296,-0.022,1.614,-39.612,-15.015,0.000
-0.328,0.000,1.591,-45.288,-9.399,-0.061
-0.317,-0.042,1.583,-43.884,-6.470,-1.587
-0.351,-0.047,1.638,-36.438,-6.042,-1.343
-0.349,-0.030,1.686,-24.536,-1.709,0.122
-0.363,-0.029,1.700,-6.836,-0.427,-0.061
-0.359,-0.034,1.722,5.127,2.319,0.793
-0.360,0.000,1.659,8.301,12.451,1.221
-0.358,-0.000,1.580,12.695,22.827,-0.977
-0.341,-0.015,1.567,12.573,30.396,-2.441
-0.336,0.001,1.518,5.188,40.588,-4.089
-0.326,0.003,1.420,0.732,50.964,-9.094
-0.306,-0.056,1.323,-1.160,58.350,-14.648
-0.296,-0.078,1.226,-5.798,64.270,-16.541
-0.286,-0.064,1.132,-10.315,67.139,-17.456
-0.264,-0.110,1.071,-8.667,67.322,-19.348
-0.254,-0.177,1.121,-5.005,65.247,-20.081
-0.255,-0.202,1.171,-3.540,66.895,-17.395
-0.253,-0.184,1.150,0.427,71.411,-13.916
-0.244,-0.158,1.049,4.517,75.867,-11.780
-0.223,-0.112,1.040,6.653,75.623,-11.902
-0.207,-0.092,1.053,5.798,76.355,-12.756
-0.206,-0.075,1.109,-1.770,81.360,-13.672
-0.212,-0.113,1.111,-7.385,88.013,-14.771
-0.208,-0.171,1.046,-6.531,94.727,-16.174
-0.194,-0.182,0.997,-3.601,98.267,-15.442
-0.179,-0.200,0.929,0.000,99.548,-13.916
-0.160,-0.198,0.871,4.578,98.083,-12.024
-0.141,-0.170,0.871,8.972,94.543,-10.071
-0.122,-0.157,0.854,12.085,92.224,-7.935
-0.109,-0.154,0.816,15.503,90.698,-6.775

-0.048,-0.158,0.753,22.583,85.327,-7.446
-0.012,-0.132,0.719,22.339,84.961,-6.958
0.004,-0.124,0.723,18.677,84.656,-6.958
0.022,-0.136,0.727,14.465,84.534,-6.470
0.045,-0.131,0.698,10.864,85.388,-4.944
0.062,-0.108,0.655,10.742,85.144,-3.357
0.083,-0.104,0.638,13.611,82.092,-2.197
0.097,-0.090,0.621,17.334,79.773,-1.831
0.115,-0.070,0.649,21.362,75.989,-1.587
0.120,-0.038,0.644,23.926,75.378,-0.916
0.109,-0.030,0.667,23.926,82.336,-0.854
0.160,-0.050,0.591,24.475,101.929,-2.747
0.192,-0.062,0.540,22.400,112.244,-4.272
0.205,-0.060,0.549,19.592,115.112,-4.700
0.230,-0.069,0.572,18.555,116.394,-4.578
0.228,-0.058,0.556,20.935,119.690,-3.906
0.248,-0.035,0.494,26.428,125.305,-3.906
0.261,0.007,0.408,29.419,129.517,-4.456
0.279,-0.007,0.273,33.508,129.578,-7.446
0.294,-0.064,0.186,37.659,119.080,-10.132
0.292,-0.091,0.196,38.269,101.318,-12.390
0.296,-0.106,0.125,40.833,88.196,-13.672
0.317,-0.121,0.029,43.640,75.623,-14.709
0.312,-0.121,-0.032,41.260,57.800,-13.977
0.294,-0.140,-0.113,34.180,40.771,-11.536
0.291,-0.159,-0.220,24.719,26.184,-7.751
0.278,-0.170,-0.256,15.503,6.897,-3.845
0.268,-0.153,-0.227,3.540,-9.521,-0.793
0.277,-0.114,-0.153,-8.667,-21.118,2.014
0.298,-0.101,-0.066,-17.944,-31.250,4.456
0.322,-0.080,-0.021,-21.118,-38.879,6.958
0.359,-0.051,0.023,-20.020,-46.082,8.362
0.381,0.000,0.108,-20.081,-52.612,9.705
0.384,0.056,0.155,-20.447,-57.373,10.315
0.382,0.096,0.171,-20.020,-60.791,9.155
0.367,0.071,0.219,-20.996,-66.101,6.714
0.336,0.035,0.256,-25.879,-68.848,5.859
0.293,0.018,0.333,-31.616,-74.646,5.493
0.269,-0.035,0.413,-29.236,-80.261,2.991
0.260,-0.063,0.469,-23.193,-85.022,1.404
0.249,-0.056,0.486,-17.883,-88.440,1.221
0.243,-0.013,0.520,-13.245,-91.370,0.366
0.234,0.016,0.549,-9.155,-93.262,-0.305
0.210,0.056,0.542,-5.798,-95.154,-2.380
0.207,0.034,0.567,-4.944,-99.060,-7.080
0.189,0.014,0.565,-5.066,-101.563,-10.803
0.167,-0.038,0.543,-3.235,-103.821,-13.367
0.142,-0.077,0.540,-4.333,-107.971,-15.320
0.122,-0.097,0.549,-7.385,-111.267,-14.709
0.081,-0.062,0.586,-9.277,-114.990,-13.367
0.053,-0.075,0.636,-7.935,-118.896,-13.367
0.026,-0.039,0.733,-7.202,-122.742,-13.977
0.004,-0.053,0.825,-8.423,-125.549,-15.625
-0.033,-0.119,0.906,-7.446,-127.197,-19.226
-0.035,-0.186,0.978,-2.197,-127.625,-21.240
-0.071,-0.173,0.959,2.869,-126.160,-19.409
-0.090,-0.189,0.940,5.249,-123.291,-18.433
-0.141,-0.189,0.959,3.174,-122.131,-17.883
-0.206,-0.158,1.026,-3.357,-122.559,-16.357
-0.254,-0.159,1.093,-8.667,-122.192,-15.076
-0.293,-0.152,1.213,-12.390,-122.498,-14.221
-0.316,-0.164,1.339,-13.550,-123.230,-13.489
-0.358,-0.204,1.437,-10.315,-124.390,-12.817
-0.377,-0.226,1.553,-6.531,-122.192,-11.108
-0.391,-0.234,1.646,-2.197,-111.328,-9.705
-0.428,-0.219,1.735,1.282,-103.821,-7.935
-0.435,-0.199,1.783,6.104,-95.276,-7.996
-0.438,-0.209,1.779,9.949,-85.510,-8.362
-0.431,-0.228,1.796,7.812,-74.707,-8.118
-0.428,-0.232,1.738,4.211,-61.890,-6.226
-0.425,-0.224,1.735,4.639,-53.589,-5.798
-0.409,-0.245,1.798,8.911,-49.561,-7.202
-0.406,-0.278,1.932,12.756,-45.044,-7.141
-0.398,-0.284,1.959,16.052,-36.072,-4.639
-0.382,-0.275,1.904,19.287,-25.757,-1.831
-0.375,-0.211,1.844,18.250,-18.250,0.244
-0.358,-0.200,1.787,17.273,-13.489,0.427
-0.343,-0.245,1.757,20.020,-10.010,-0.854
-0.337,-0.263,1.710,21.667,-5.737,-0.916
-0.329,-0.281,1.669,21.667,-2.319,-0.732
-0.310,-0.301,1.615,20.020,-1.038,0.061
-0.372,-0.429,1.674,13.306,-2.075,2.747
-0.406,-0.271,1.756,-1.709,3.174,12.085
-0.331,0.049,1.790,0.610,20.142,18.433
-0.287,-0.159,1.427,30.823,36.865,10.803
-0.273,-0.303,1.311,42.542,32.471,5.371
-0.251,-0.221,1.541,25.208,19.409,4.700
-0.264,-0.181,1.604,12.634,21.606,6.165
-0.248,-0.245,1.520,13.733,31.006,5.981
-0.236,-0.241,1.521,11.963,36.255,5.615
-0.233,-0.206,1.526,5.493,41.382,5.798
-0.191,-0.207,1.256,2.441,45.715,4.578
-0.212,-0.248,1.433,-6.226,36.072,1.648
-0.206,-0.241,1.371,-13.306,37.109,1.404
-0.220,-0.301,1.373,-15.808,37.598,1.892
-0.218,-0.295,1.412,-15.869,36.255,2.502
-0.216,-0.296,1.475,-13.977,36.621,3.418
-0.217,-0.303,1.459,-11.475,40.344,5.432
-0.229,-0.292,1.414,-8.728,44.006,6.958
-0.222,-0.246,1.346,-7.629,46.692,7.202
-0.212,-0.270,1.300,-5.676,47.302,6.226
-0.219,-0.249,1.301,-7.446,48.218,6.775
-0.225,-0.224,1.325,-9.827,50.964,8.118
-0.218,-0.232,1.272,-7.080,57.434,7.874
-0.210,-0.234,1.209,-5.310,62.683,7.141
-0.198,-0.240,1.135,-5.310,66.101,6.165
-0.173,-0.237,1.096,-6.165,68.237,5.310
-0.157,-0.239,1.064,-7.507,69.153,5.615
-0.150,-0.240,1.009,-9.155,70.679,7.263
-0.147,-0.223,1.001,-11.292,70.557,8.179
-0.137,-0.177,0.993,-11.292,70.007,8.118
-0.119,-0.214,0.998,-11.963,69.824,7.019
-0.108,-0.182,0.968,-11.780,71.228,7.141
-0.090,-0.154,0.986,-7.507,71.045,6.592
-0.080,-0.158,1.018,-5.310,71.594,6.042
-0.078,-0.149,0.992,-7.812,73.486,5.737
-0.104,-0.170,0.973,-16.174,74.036,5.920
-0.087,-0.182,0.875,-15.381,77.148,6.348
-0.060,-0.139,0.832,-7.629,75.195,7.263

-0.014,-0.144,0.856,-8.484,68.848,10.620
-0.035,-0.140,0.861,-12.878,67.627,13.916
-0.015,-0.141,0.771,-3.723,67.566,13.062
0.038,-0.087,0.839,4.761,59.998,12.939
0.065,-0.078,0.863,5.005,58.228,13.794
0.091,-0.045,0.834,5.371,62.317,14.221
0.123,-0.044,0.796,7.080,62.927,13.977
0.136,-0.023,0.766,4.028,63.904,13.550
0.153,-0.024,0.673,-1.038,65.247,12.451
0.149,-0.036,0.630,-4.089,60.852,10.132
0.152,-0.066,0.639,-6.714,54.199,8.118
0.174,-0.067,0.669,-7.812,50.476,7.751
0.196,-0.064,0.673,-5.127,48.462,7.141
0.222,-0.011,0.717,-3.784,46.631,6.531
0.250,-0.024,0.693,-1.282,45.654,4.639
0.240,-0.037,0.671,-0.183,44.495,2.441
0.243,-0.053,0.677,0.854,44.312,0.854
0.219,-0.061,0.709,2.258,45.105,0.061
0.300,-0.067,0.675,6.409,50.293,-2.014
0.266,-0.047,0.658,5.920,44.678,0.488
0.283,-0.006,0.646,1.526,43.457,1.465
0.295,-0.009,0.637,-0.427,44.617,0.916
0.291,-0.041,0.606,-0.305,45.105,0.183
0.298,-0.053,0.631,1.282,42.542,-0.488
0.309,-0.050,0.648,5.920,39.307,-1.038
0.327,-0.044,0.624,11.353,37.903,-1.587
0.333,-0.034,0.577,13.733,37.659,-2.014
0.335,-0.024,0.578,14.038,35.339,-2.686
0.331,-0.018,0.597,14.221,33.325,-2.747
0.328,-0.016,0.593,17.090,32.104,-2.625
0.334,-0.045,0.544,23.193,30.518,-3.235
0.331,-0.067,0.500,25.574,28.320,-3.601
0.325,-0.056,0.460,22.888,26.611,-3.479
0.330,-0.096,0.427,22.278,24.353,-4.639
0.324,-0.125,0.401,21.179,21.667,-4.944
0.320,-0.114,0.371,17.334,20.020,-3.662
0.331,-0.141,0.322,17.395,17.761,-3.906
0.332,-0.150,0.260,17.456,15.320,-4.761
0.336,-0.123,0.197,13.062,12.695,-3.906
0.353,-0.126,0.123,8.423,8.301,-3.784
0.370,-0.159,0.086,2.747,0.916,-3.174
0.371,-0.150,0.111,-5.798,-6.897,-1.831
0.386,-0.134,0.134,-11.475,-12.939,-0.977
0.409,-0.111,0.159,-12.207,-19.043,-0.916
0.430,-0.108,0.214,-12.207,-25.208,-0.488
0.404,-0.026,0.216,-12.695,-28.259,1.709
0.411,0.002,0.323,-13.550,-34.302,1.465
0.416,-0.014,0.373,-11.292,-39.490,0.183
0.420,-0.015,0.414,-5.554,-43.762,-0.549
0.425,-0.022,0.421,-1.038,-46.753,-0.854
0.410,-0.028,0.448,-0.671,-49.316,-1.038
0.377,-0.046,0.475,-2.197,-51.208,-1.099
0.342,-0.080,0.499,-1.160,-52.917,-1.221
0.333,-0.081,0.515,3.601,-56.213,-1.587
0.329,-0.112,0.517,11.841,-60.608,-2.319
0.333,-0.122,0.511,16.296,-63.293,-2.380
0.370,-0.144,0.484,16.296,-64.270,-2.625
0.312,-0.196,0.487,12.146,-65.979,-3.723
0.292,-0.179,0.488,1.526,-64.026,-3.357
0.241,-0.161,0.586,-7.996,-69.702,-3.113
0.192,-0.198,0.609,-6.287,-71.350,-3.967
0.132,-0.203,0.627,-5.493,-72.327,-2.869
0.102,-0.174,0.652,-2.869,-73.486,-1.709
0.091,-0.177,0.689,4.150,-76.599,-2.014
0.080,-0.185,0.730,8.667,-80.139,-2.319
0.080,-0.209,0.727,12.329,-81.970,-2.014
0.082,-0.211,0.760,15.198,-84.900,-1.709
0.085,-0.218,0.823,16.418,-87.341,-1.770
0.083,-0.228,0.841,15.869,-86.060,-1.526
0.065,-0.227,0.845,13.855,-84.290,-1.221
0.038,-0.214,0.856,10.681,-82.458,-1.221
-0.009,-0.204,0.865,6.348,-80.688,-1.465
-0.055,-0.206,0.913,1.953,-79.956,-1.709
-0.084,-0.209,0.921,3.845,-79.590,-2.441
-0.110,-0.229,0.899,11.536,-80.750,-4.150
-0.113,-0.242,0.875,18.188,-82.031,-5.371
-0.115,-0.221,0.929,20.081,-83.740,-5.798
-0.103,-0.228,1.015,21.057,-84.961,-6.409
-0.106,-0.315,1.035,25.940,-82.703,-7.935
-0.112,-0.347,1.009,29.968,-82.031,-8.057
-0.141,-0.330,1.017,28.259,-84.167,-7.141
-0.169,-0.308,1.055,22.949,-83.008,-6.897
-0.195,-0.277,1.106,14.099,-80.139,-6.226
-0.169,-0.238,1.212,5.493,-79.163,-8.179
-0.221,-0.260,1.239,-0.916,-76.355,-10.498
-0.236,-0.327,1.307,-6.470,-75.256,-12.756
-0.266,-0.349,1.362,-7.324,-72.021,-12.390
-0.282,-0.355,1.427,-6.592,-69.092,-10.681
-0.289,-0.347,1.471,-2.869,-64.575,-9.277
-0.301,-0.344,1.505,2.014,-61.462,-8.423
-0.302,-0.337,1.560,4.089,-57.190,-8.179
-0.307,-0.337,1.574,4.456,-51.819,-7.568
-0.345,-0.379,1.524,6.165,-47.791,-6.714
-0.366,-0.343,1.571,4.761,-47.241,-7.202
-0.374,-0.345,1.564,3.540,-45.898,-7.874
-0.355,-0.376,1.549,4.639,-42.603,-8.545
-0.351,-0.394,1.526,4.272,-39.185,-7.629
-0.346,-0.375,1.512,2.869,-36.682,-5.981
-0.329,-0.374,1.531,4.150,-35.889,-5.981
-0.321,-0.371,1.558,5.676,-34.729,-5.615
-0.324,-0.306,1.568,4.517,-31.982,-4.150
-0.319,-0.267,1.559,-0.549,-27.649,-3.235
-0.315,-0.252,1.600,-7.385,-24.231,-3.662
-0.329,-0.260,1.649,-14.221,-20.081,-3.418
-0.347,-0.255,1.685,-17.273,-15.137,-2.014
-0.356,-0.275,1.714,-13.672,-11.292,-1.343
-0.361,-0.268,1.756,-7.751,-8.179,-0.671
-0.361,-0.250,1.729,-1.343,-2.808,0.671
-0.352,-0.253,1.719,2.625,3.540,1.282
-0.346,-0.268,1.709,3.174,10.132,2.258
-0.336,-0.239,1.655,1.709,18.127,5.127
-0.319,-0.250,1.599,1.404,24.658,6.958
-0.313,-0.239,1.591,-0.732,29.419,8.057
-0.306,-0.194,1.600,-4.456,34.058,8.850
-0.302,-0.194,1.578,-4.089,37.476,7.202
-0.293,-0.214,1.600,-4.456,40.466,4.883
-0.279,-0.211,1.621,-7.446,44.312,4.333
-0.303,-0.199,1.638,-8.972,49.194,4.272
-0.301,-0.230,1.659,-7.202,54.199,3.174

-0.301,-0.248,1.550,-2.258,65.308,4.639
-0.294,-0.279,1.471,-0.122,70.557,4.822
-0.312,-0.301,1.419,0.244,73.364,5.493
-0.303,-0.305,1.366,2.075,76.050,6.775
-0.295,-0.302,1.305,5.371,77.698,7.324
-0.277,-0.315,1.255,5.615,79.041,8.057
-0.264,-0.334,1.224,2.625,81.726,7.874
-0.259,-0.348,1.189,-0.366,84.656,7.751
-0.246,-0.358,1.142,-3.174,87.280,8.057
-0.223,-0.343,1.101,-5.249,89.172,9.155
-0.204,-0.326,1.080,-6.531,89.905,9.216
-0.184,-0.302,1.076,-8.667,91.492,9.399
-0.167,-0.274,1.056,-12.146,92.896,8.850
-0.161,-0.305,1.018,-12.390,92.712,7.263
-0.156,-0.332,0.996,-10.132,92.163,5.920
-0.154,-0.337,0.925,-7.080,93.018,6.165
-0.125,-0.355,0.856,-2.563,92.773,6.042
-0.101,-0.365,0.808,1.038,91.003,6.042
-0.070,-0.370,0.781,2.380,89.294,8.240
-0.052,-0.328,0.765,1.465,87.280,10.925
-0.033,-0.269,0.771,-1.038,84.595,12.146
-0.007,-0.243,0.780,-2.563,82.092,11.597
-0.004,-0.261,0.792,-2.319,80.627,10.620
-0.001,-0.242,0.772,-2.563,81.238,11.353
0.017,-0.201,0.766,-1.831,80.994,11.169
0.028,-0.216,0.726,0.122,79.956,10.864
0.057,-0.179,0.695,1.221,79.834,10.620
0.061,-0.170,0.650,1.221,77.148,10.376
0.086,-0.155,0.647,-0.183,73.853,9.644
0.109,-0.178,0.652,-2.136,71.472,9.338
0.121,-0.183,0.655,-3.723,71.289,10.681
0.140,-0.146,0.639,-3.540,71.411,12.695
0.166,-0.168,0.628,-0.183,70.068,13.062
0.181,-0.164,0.582,2.502,68.726,13.550
0.188,-0.116,0.516,3.174,67.139,13.855
0.188,-0.120,0.484,3.845,62.622,12.939
0.191,-0.095,0.491,3.235,57.861,12.512
0.216,-0.085,0.495,2.991,53.772,12.268
0.252,-0.077,0.510,3.662,50.598,12.329
0.269,-0.073,0.484,1.282,50.354,12.695
0.276,-0.135,0.506,-3.784,51.147,13.306
0.301,-0.016,0.466,-8.789,51.819,13.794
0.322,-0.066,0.429,-7.935,51.697,12.878
0.343,-0.007,0.378,-5.737,50.354,12.573
0.358,-0.012,0.279,-2.563,48.706,12.695
0.328,-0.800,0.391,-0.977,45.532,12.756
0.402,1.828,-1.353,-16.663,91.858,39.429
0.407,-0.242,0.431,40.710,103.149,33.447
0.568,-0.216,-0.143,19.226,36.926,3.845
0.501,0.074,-0.110,7.324,23.132,14.954
0.590,0.093,0.026,6.897,15.076,12.634
0.594,0.083,0.002,6.714,8.118,7.751
0.606,0.052,-0.058,6.958,4.883,5.371
0.629,0.071,0.017,5.066,-2.197,2.502
0.629,0.081,0.049,5.127,-8.301,0.183
0.636,0.071,0.057,7.874,-12.451,-1.709
0.632,0.055,0.101,7.874,-17.639,-3.479
0.626,0.036,0.162,6.470,-21.851,-4.700
0.618,0.057,0.231,4.944,-24.780,-5.127
0.602,0.062,0.229,5.859,-27.344,-5.737
0.577,0.049,0.209,5.554,-30.151,-6.531
0.552,-0.005,0.203,2.869,-33.875,-7.385
0.512,-0.026,0.235,-1.526,-38.330,-6.836
0.480,-0.016,0.288,-4.517,-43.030,-6.042
0.448,-0.037,0.331,-4.089,-47.058,-6.531
0.431,-0.037,0.354,-1.892,-50.415,-7.324
0.432,-0.054,0.363,0.732,-54.321,-9.155
0.420,-0.091,0.384,1.648,-58.838,-11.353
0.388,-0.119,0.422,-1.160,-63.171,-12.268
0.362,-0.117,0.457,-3.296,-66.284,-12.573
0.348,-0.132,0.471,-2.258,-69.275,-13.489
0.332,-0.156,0.459,-0.854,-72.144,-14.282
0.311,-0.171,0.466,-3.479,-74.829,-14.893
0.262,-0.180,0.521,-10.254,-77.881,-14.465
0.204,-0.163,0.609,-17.273,-80.872,-13.672
0.180,-0.154,0.723,-19.958,-84.534,-14.282
0.150,-0.161,0.818,-19.470,-87.341,-16.235
0.120,-0.166,0.838,-18.860,-85.999,-16.724
0.121,-0.179,0.871,-18.677,-84.229,-17.273
0.107,-0.231,0.892,-15.503,-84.229,-18.066
0.094,-0.237,0.894,-12.085,-83.374,-17.395
0.072,-0.220,0.896,-8.606,-83.557,-16.724
0.038,-0.228,0.890,-5.127,-84.412,-17.334
0.000,-0.221,0.903,-5.188,-85.815,-16.968
-0.014,-0.210,0.934,-7.141,-87.097,-16.663
-0.037,-0.221,0.961,-8.850,-87.830,-16.113
-0.056,-0.257,0.997,-10.437,-87.402,-15.137
-0.064,-0.280,1.043,-9.521,-86.853,-13.611
-0.059,-0.267,1.083,-3.967,-86.243,-11.719
-0.056,-0.265,1.052,4.883,-84.534,-10.864
-0.069,-0.253,0.970,10.498,-81.726,-9.949
-0.097,-0.226,0.901,8.423,-80.933,-9.399
-0.140,-0.212,0.963,2.075,-83.435,-11.108
-0.145,-0.237,0.864,-1.404,-80.017,-10.437
-0.200,-0.211,1.030,-7.263,-85.876,-10.010
-0.198,-0.197,1.047,-2.808,-88.257,-10.925
-0.201,-0.268,1.084,6.348,-87.402,-13.062
-0.207,-0.277,1.078,8.667,-83.862,-11.536
-0.229,-0.201,1.127,6.287,-81.421,-9.033
-0.215,-0.196,1.072,9.949,-78.491,-9.827
-0.212,-0.211,0.962,12.878,-74.890,-10.803
-0.237,-0.194,0.983,8.972,-79.712,-12.695
-0.212,-0.172,0.997,5.310,-82.458,-14.221
-0.234,-0.233,1.028,4.944,-83.862,-15.991
-0.244,-0.284,1.083,3.479,-83.862,-15.808
-0.251,-0.250,1.234,-5.554,-84.534,-14.160
-0.278,-0.232,1.342,-12.207,-80.383,-12.024
-0.314,-0.230,1.441,-12.695,-75.806,-10.437
-0.331,-0.205,1.522,-8.240,-71.472,-9.583
-0.359,-0.190,1.521,-0.488,-66.589,-9.399
-0.350,-0.204,1.454,10.193,-60.608,-10.620
-0.350,-0.227,1.426,14.648,-57.251,-12.024
-0.363,-0.278,1.409,12.878,-53.711,-12.634
-0.390,-0.359,1.381,10.376,-52.124,-13.550
-0.412,-0.372,1.430,5.798,-51.331,-13.611
-0.379,-0.411,1.425,2.075,-47.546,-9.216
-0.432,-0.341,1.448,0.122,-40.894,-4.761
-0.425,-0.321,1.512,-5.127,-40.222,-2.930
-0.437,-0.315,1.607,-6.775,-36.560,-2.014

-0.430,-0.270,1.758,-2.075,-28.625,-0.061
-0.419,-0.255,1.780,1.404,-21.729,0.305
-0.413,-0.244,1.773,2.258,-13.123,0.610
-0.417,-0.250,1.750,1.343,-4.883,0.427
-0.425,-0.283,1.705,0.610,2.502,0.854
-0.435,-0.298,1.675,-0.916,9.216,2.502
-0.442,-0.306,1.623,-1.099,14.771,4.333
-0.442,-0.316,1.599,0.916,17.761,5.371
-0.438,-0.316,1.597,2.441,20.264,6.592
-0.424,-0.297,1.596,2.502,23.621,7.996
-0.414,-0.270,1.598,1.282,27.771,9.094
-0.407,-0.274,1.566,0.305,33.936,9.766
-0.395,-0.292,1.530,0.793,39.734,10.376
-0.382,-0.297,1.501,0.061,45.166,11.719
-0.373,-0.259,1.480,-1.221,50.415,13.794
-0.356,-0.242,1.443,1.099,54.565,14.526
-0.340,-0.218,1.370,4.456,58.472,14.648
-0.322,-0.223,1.316,5.676,61.157,14.038
-0.298,-0.217,1.292,5.005,63.293,13.977
-0.279,-0.201,1.258,4.395,65.369,14.343
-0.266,-0.222,1.191,4.272,67.078,14.648
-0.259,-0.194,1.165,1.648,68.054,14.832
-0.241,-0.160,1.220,-1.404,67.871,14.526
-0.231,-0.168,1.201,-1.770,69.641,13.550
-0.212,-0.159,1.186,-2.258,71.838,12.634
-0.196,-0.185,1.159,-2.197,73.975,11.047
-0.187,-0.208,1.114,-3.296,76.599,10.498
-0.181,-0.196,1.111,-5.981,77.759,10.681
-0.182,-0.201,1.087,-5.127,77.881,9.766
-0.178,-0.212,1.084,-3.540,77.881,8.972
-0.167,-0.188,1.061,-1.831,78.552,8.789
-0.142,-0.172,1.059,1.404,78.308,7.263
-0.120,-0.187,1.036,2.991,79.285,5.493
-0.109,-0.211,1.002,-0.916,81.665,4.456
-0.112,-0.244,0.979,-7.446,83.801,4.211
-0.108,-0.243,0.983,-12.085,84.106,3.845
-0.095,-0.254,0.996,-13.184,83.435,2.869
-0.081,-0.265,0.976,-12.024,83.313,2.563
-0.070,-0.257,0.943,-11.292,83.496,2.869
-0.060,-0.219,0.915,-12.146,83.252,2.808
-0.038,-0.221,0.893,-11.841,82.214,1.526
-0.009,-0.227,0.856,-11.169,80.933,0.244
0.010,-0.250,0.828,-12.085,79.468,-0.488
0.015,-0.223,0.831,-15.686,78.247,0.305
0.026,-0.194,0.852,-18.311,76.904,1.038
0.029,-0.215,0.815,-16.174,76.050,1.526
0.039,-0.188,0.795,-14.526,74.707,2.869
0.054,-0.112,0.821,-12.390,71.533,4.150
0.088,-0.085,0.800,-4.333,67.993,2.930
0.127,-0.079,0.799,4.150,64.575,0.671
0.155,-0.082,0.734,8.057,63.782,-0.732
0.165,-0.070,0.670,7.324,64.087,-1.587
0.190,-0.083,0.645,3.052,63.660,-2.563
0.194,-0.113,0.622,-2.197,63.110,-3.662
0.192,-0.113,0.634,-8.057,62.317,-3.601
0.212,-0.116,0.668,-9.094,60.303,-4.028
0.224,-0.127,0.647,-4.700,59.143,-4.700
0.220,-0.120,0.565,-0.916,59.753,-4.272
0.246,-0.131,0.537,2.014,57.922,-4.822
0.267,-0.123,0.502,4.944,55.908,-4.944
0.299,-0.096,0.453,4.150,55.176,-4.150
0.328,-0.109,0.420,1.770,53.467,-4.944
0.343,-0.117,0.398,-0.854,51.270,-4.944
0.355,-0.088,0.375,-3.784,48.828,-4.761
0.366,-0.070,0.366,-6.042,45.654,-4.700
0.376,-0.057,0.342,-6.470,41.687,-5.371
0.397,-0.093,0.328,-5.737,36.926,-6.165
0.403,-0.103,0.342,-7.812,32.898,-4.883
0.403,-0.102,0.327,-11.292,30.579,-3.174
0.408,-0.094,0.290,-13.367,28.320,-2.319
0.421,-0.111,0.274,-13.672,24.353,-2.502
0.432,-0.112,0.227,-12.329,20.508,-1.770
0.452,-0.087,0.200,-11.169,16.418,-0.366
0.468,-0.070,0.194,-10.620,11.902,1.038
0.487,-0.048,0.190,-11.047,7.629,2.686
0.513,-0.052,0.208,-9.216,2.625,2.930
0.544,-0.042,0.249,-6.836,-2.197,3.235
0.579,-0.011,0.264,-4.150,-5.066,4.272
0.611,0.019,0.289,-1.160,-7.751,4.517
0.624,0.039,0.286,1.892,-10.132,3.723
0.624,0.062,0.256,4.822,-12.268,2.808
0.619,0.064,0.220,6.470,-15.015,1.038
0.593,0.031,0.188,7.324,-19.592,-1.099
0.557,-0.023,0.169,6.958,-24.902,-2.441
0.520,-0.056,0.188,6.287,-30.884,-2.869
0.479,-0.071,0.221,5.798,-36.926,-2.747
0.428,-0.092,0.251,5.554,-42.175,-2.441
0.381,-0.115,0.310,5.981,-47.729,-2.136
0.332,-0.123,0.356,7.141,-52.063,-0.793
0.301,-0.131,0.414,9.338,-55.725,0.916
0.291,-0.094,0.468,12.024,-59.082,2.625
0.310,-0.033,0.526,16.602,-62.805,2.319
0.342,-0.048,0.564,23.010,-65.369,-0.183
0.362,-0.042,0.572,27.344,-66.040,-2.014
0.376,0.002,0.551,30.457,-66.467,-3.540
0.368,0.014,0.488,33.142,-67.017,-6.897
0.341,-0.010,0.435,31.189,-68.665,-10.742
0.300,-0.069,0.434,26.550,-72.693,-14.282
0.257,-0.107,0.473,23.621,-78.247,-16.785
0.228,-0.148,0.513,24.597,-84.534,-19.104
0.193,-0.192,0.565,26.123,-90.088,-20.752
0.145,-0.226,0.623,26.367,-93.994,-21.240
0.094,-0.241,0.669,24.597,-96.069,-20.996
0.049,-0.242,0.710,21.667,-96.375,-20.935
0.003,-0.239,0.737,18.433,-96.558,-21.179
-0.025,-0.246,0.803,15.564,-97.229,-21.851
-0.036,-0.254,0.870,15.503,-98.328,-22.644
-0.055,-0.272,0.871,18.738,-98.633,-23.865
-0.090,-0.266,0.889,20.325,-99.365,-24.658
-0.122,-0.279,0.936,21.362,-101.074,-26.184
-0.167,-0.287,0.964,22.583,-101.196,-27.222
-0.204,-0.284,0.996,22.766,-100.220,-27.954
-0.228,-0.343,1.018,23.132,-98.816,-29.419
-0.246,-0.395,1.000,21.606,-94.727,-29.297
-0.262,-0.411,0.968,17.944,-90.698,-27.039
-0.270,-0.377,0.997,14.648,-89.844,-25.208
-0.264,-0.390,0.989,13.489,-89.905,-25.696
-0.294,-0.332,1.070,8.728,-89.233,-25.635
-0.305,-0.333,1.038,3.906,-85.632,-25.208

-0.329,-0.388,1.147,3.601,-87.585,-26.917
-0.371,-0.400,1.172,4.150,-85.144,-24.719
-0.383,-0.406,1.235,4.700,-84.351,-24.170
-0.386,-0.389,1.217,5.066,-80.566,-22.461
-0.389,-0.392,1.233,3.601,-77.881,-21.423
-0.403,-0.413,1.357,0.305,-77.637,-21.606
-0.416,-0.413,1.448,-3.113,-75.745,-19.653
-0.425,-0.364,1.511,-3.113,-70.679,-16.541
-0.429,-0.355,1.522,2.380,-65.552,-15.686
-0.449,-0.344,1.491,7.080,-60.486,-15.503
-0.467,-0.354,1.455,7.568,-55.908,-15.625
-0.477,-0.379,1.477,5.798,-52.124,-15.625
-0.481,-0.442,1.484,5.432,-47.974,-14.954
-0.493,-0.498,1.484,5.615,-43.762,-12.817
-0.502,-0.486,1.544,3.357,-41.565,-9.705
-0.509,-0.484,1.543,4.211,-37.537,-6.958
-0.508,-0.480,1.484,6.836,-32.349,-3.967
-0.504,-0.455,1.437,7.507,-28.320,-1.953
-0.490,-0.467,1.385,6.653,-25.024,-1.404
-0.475,-0.472,1.374,3.723,-21.790,0.122
-0.469,-0.476,1.414,-1.160,-18.738,2.625
-0.473,-0.448,1.447,-2.930,-16.052,5.066
-0.465,-0.412,1.496,0.610,-14.526,5.981
-0.447,-0.368,1.535,4.089,-12.085,6.287
-0.423,-0.348,1.584,5.005,-7.385,5.798
-0.410,-0.341,1.575,3.174,0.549,5.249
-0.415,-0.358,1.516,-0.916,9.521,4.639
-0.423,-0.383,1.471,-5.859,17.273,4.700
-0.428,-0.427,1.431,-8.484,22.339,5.432
-0.431,-0.436,1.395,-9.094,26.184,6.775
-0.419,-0.420,1.383,-9.338,28.809,8.484
-0.403,-0.420,1.373,-8.789,30.762,9.460
-0.395,-0.410,1.373,-9.460,33.081,11.108
-0.402,-0.400,1.380,-11.597,36.438,13.306
-0.412,-0.379,1.413,-13.428,39.673,15.381
-0.415,-0.363,1.435,-12.695,42.969,17.151
-0.419,-0.350,1.434,-10.254,46.753,18.616
-0.413,-0.313,1.435,-9.277,50.659,19.958
-0.404,-0.285,1.396,-7.996,55.054,20.020
-0.398,-0.293,1.349,-7.874,59.326,19.287
-0.399,-0.306,1.333,-9.827,62.744,18.982
-0.401,-0.306,1.318,-11.292,65.796,18.982
-0.398,-0.292,1.301,-11.902,68.420,19.470
-0.383,-0.295,1.291,-11.353,70.251,18.799
-0.370,-0.323,1.269,-10.010,72.937,18.250
-0.376,-0.359,1.203,-9.216,76.538,18.921
-0.379,-0.373,1.155,-10.071,78.796,21.057
-0.366,-0.326,1.167,-10.986,79.163,23.010
-0.344,-0.310,1.152,-8.728,79.651,23.560
-0.324,-0.309,1.132,-7.568,81.604,23.865
-0.312,-0.296,1.115,-9.155,84.290,24.414
-0.298,-0.292,1.089,-10.742,86.975,24.780
-0.279,-0.291,1.083,-9.949,88.379,24.719
-0.261,-0.306,1.023,-7.751,90.454,25.146
-0.237,-0.305,0.990,-6.897,92.285,26.489
-0.199,-0.284,0.960,-6.470,93.140,27.527
-0.170,-0.278,0.898,-6.287,94.666,28.259
-0.148,-0.253,0.856,-8.240,95.276,28.992
-0.126,-0.261,0.814,-9.521,94.910,28.748
-0.094,-0.253,0.770,-8.484,93.750,28.259
-0.053,-0.234,0.731,-6.104,91.492,27.527
-0.013,-0.210,0.662,-3.784,90.027,26.428
0.039,-0.203,0.640,-5.066,87.891,24.414
0.068,-0.185,0.606,-8.850,86.243,23.376
0.086,-0.178,0.595,-12.024,84.229,22.583
0.114,-0.165,0.599,-12.390,81.421,22.156
0.161,-0.127,0.610,-9.888,78.186,22.217
0.190,-0.108,0.557,-5.066,75.928,21.545
0.231,-0.089,0.490,-0.183,73.669,19.836
0.276,-0.096,0.422,4.639,70.129,17.090
0.305,-0.107,0.392,5.920,65.735,15.686
0.328,-0.114,0.373,3.967,61.890,14.832
0.348,-0.132,0.381,2.930,57.800,13.550
0.365,-0.124,0.381,-0.671,54.810,13.184
0.372,-0.112,0.366,-4.578,52.673,12.695
0.391,-0.113,0.365,-6.287,49.377,11.536
0.412,-0.090,0.379,-7.507,45.532,10.376
0.431,-0.065,0.420,-8.240,42.358,9.583
0.442,-0.057,0.456,-7.935,39.734,8.667
0.457,-0.066,0.456,-5.310,38.086,7.507
0.461,-0.034,0.415,-3.174,36.865,6.897
0.458,-0.025,0.343,-0.671,34.790,5.432
0.463,-0.055,0.281,1.526,30.640,2.686
0.465,-0.062,0.245,1.282,25.146,0.977
0.475,-0.064,0.228,0.732,19.043,-0.122
0.480,-0.070,0.239,0.427,12.756,-1.038
0.473,-0.069,0.246,-1.404,8.301,-1.099
0.462,-0.077,0.262,-1.587,4.089,-0.916
0.475,-0.069,0.272,0.854,-0.244,-0.732
0.489,-0.052,0.239,4.944,-4.211,-0.793
0.502,-0.033,0.213,7.263,-8.240,-1.709
0.508,-0.042,0.205,5.920,-12.512,-2.930
0.510,-0.007,0.223,0.854,-15.808,-3.418
0.508,-0.020,0.253,-3.052,-20.020,-4.761
0.501,-0.048,0.309,-4.761,-24.719,-6.287
0.488,-0.035,0.373,-6.287,-28.748,-6.409
0.462,-0.038,0.407,-4.578,-32.410,-7.019
0.433,-0.073,0.428,-0.610,-36.194,-8.789
0.401,-0.087,0.454,2.808,-39.917,-9.521
0.375,-0.098,0.499,6.531,-43.823,-9.705
0.349,-0.102,0.518,10.620,-46.570,-9.949
0.337,-0.101,0.509,13.916,-48.279,-10.193
0.318,-0.129,0.507,15.015,-50.415,-11.108
0.279,-0.134,0.532,12.146,-52.551,-11.719
0.248,-0.146,0.551,8.667,-54.321,-12.817
0.221,-0.151,0.591,7.202,-56.885,-14.160
0.203,-0.199,0.610,8.789,-59.387,-15.747
0.196,-0.214,0.632,9.888,-61.523,-15.930
0.204,-0.216,0.635,11.230,-63.416,-15.747
0.208,-0.202,0.630,11.536,-64.758,-15.442
0.189,-0.205,0.635,9.399,-66.772,-15.808
0.161,-0.214,0.663,6.104,-69.519,-16.602
0.135,-0.238,0.709,4.333,-72.144,-17.944
0.099,-0.274,0.761,4.272,-74.463,-18.860
0.060,-0.284,0.787,5.493,-75.562,-18.860
0.038,-0.280,0.803,7.812,-76.294,-18.372
0.020,-0.254,0.820,9.033,-76.721,-18.127
-0.003,-0.278,0.846,10.132,-77.454,-18.433
-0.025,-0.282,0.867,10.376,-77.881,-19.165

-0.050,-0.278,0.858,9.888,-77.637,-20.386
-0.088,-0.295,0.875,7.507,-78.186,-20.569
-0.097,-0.311,0.922,6.104,-78.796,-20.508
-0.107,-0.344,0.957,6.226,-79.407,-20.264
-0.119,-0.356,0.959,7.019,-78.552,-19.104
-0.109,-0.331,0.977,8.606,-78.918,-18.250
-0.126,-0.318,0.990,11.414,-80.139,-18.127
-0.166,-0.305,0.997,13.062,-80.627,-18.372
-0.207,-0.309,1.020,12.024,-80.383,-18.738
-0.271,-0.312,1.037,9.583,-78.857,-18.188
-0.289,-0.293,1.014,7.263,-75.195,-18.127
-0.318,-0.313,1.036,5.554,-71.472,-17.944
-0.309,-0.345,1.051,6.531,-73.486,-19.104
-0.289,-0.372,0.978,9.583,-68.848,-18.005
-0.280,-0.427,0.878,6.958,-64.453,-16.113
-0.272,-0.435,0.901,0.671,-64.758,-13.977
-0.282,-0.420,0.953,-3.235,-67.688,-12.451
-0.313,-0.420,0.996,-3.479,-70.129,-11.169
-0.336,-0.361,1.140,-4.700,-73.792,-9.888
-0.340,-0.295,1.298,-4.883,-75.745,-8.545
-0.363,-0.250,1.359,-2.441,-72.571,-8.057
-0.374,-0.259,1.397,-0.427,-66.650,-8.606
-0.370,-0.305,1.362,1.282,-58.655,-8.911
-0.380,-0.308,1.401,0.305,-53.345,-8.240
-0.379,-0.292,1.427,-0.061,-48.584,-7.568
-0.392,-0.278,1.414,0.061,-43.213,-7.629
-0.418,-0.302,1.374,-1.404,-37.537,-8.484
-0.443,-0.310,1.359,-6.104,-33.447,-8.423
-0.458,-0.312,1.364,-11.414,-30.396,-8.362
-0.469,-0.329,1.398,-15.259,-27.588,-8.179
-0.460,-0.365,1.370,-16.052,-24.353,-7.202
-0.452,-0.369,1.397,-15.808,-24.231,-6.531
-0.445,-0.338,1.456,-16.357,-23.499,-4.944
-0.443,-0.300,1.514,-17.029,-20.203,-2.808
-0.447,-0.275,1.548,-13.184,-16.418,-1.831
-0.450,-0.275,1.557,-8.057,-12.817,-1.587
-0.452,-0.294,1.529,-2.747,-8.484,-1.587
-0.442,-0.326,1.526,0.977,-5.371,-1.404
-0.434,-0.348,1.538,3.601,-2.136,-0.549
-0.436,-0.370,1.536,4.578,1.892,1.221
-0.446,-0.397,1.533,5.798,6.104,2.869
-0.443,-0.390,1.527,6.409,9.766,4.578
-0.439,-0.351,1.517,5.493,14.160,5.920
-0.433,-0.338,1.512,2.869,18.555,5.798
-0.437,-0.363,1.501,-0.610,23.865,5.249
-0.442,-0.380,1.518,-4.883,28.870,5.432
-0.445,-0.403,1.511,-5.798,33.630,6.165
-0.441,-0.416,1.498,-3.845,38.147,7.812
-0.437,-0.411,1.452,-1.770,42.786,10.254
-0.429,-0.390,1.388,0.549,46.936,12.390
-0.413,-0.391,1.336,2.197,49.927,13.611
-0.398,-0.382,1.290,2.075,52.429,14.893
-0.380,-0.348,1.268,0.427,55.298,15.991
-0.363,-0.326,1.231,-0.977,57.678,16.602
-0.340,-0.302,1.204,-2.625,60.242,16.541
-0.325,-0.292,1.158,-5.127,62.805,16.235
-0.298,-0.264,1.156,-8.850,64.941,16.052
-0.284,-0.255,1.133,-12.573,67.261,15.869
-0.275,-0.262,1.093,-15.381,70.251,14.771
-0.266,-0.286,1.054,-16.602,71.960,13.855
-0.249,-0.279,1.046,-16.724,72.571,14.099
-0.229,-0.258,1.040,-15.137,72.449,14.160
-0.220,-0.248,1.024,-12.451,72.632,13.672
-0.216,-0.261,0.987,-11.658,73.364,13.489
-0.210,-0.260,0.980,-12.878,73.547,13.672
-0.199,-0.267,0.956,-12.573,72.937,13.977
-0.190,-0.259,0.924,-11.292,72.449,14.160
-0.165,-0.255,0.911,-10.254,71.167,13.916
-0.145,-0.254,0.896,-10.193,70.557,13.672
-0.125,-0.244,0.917,-12.634,70.007,13.794
-0.110,-0.248,0.897,-14.343,70.190,13.611
-0.103,-0.236,0.870,-15.869,70.313,13.977
-0.084,-0.204,0.901,-17.212,68.726,14.526
-0.066,-0.175,0.944,-16.724,67.505,14.282
-0.035,-0.149,0.967,-14.099,67.688,13.916
-0.017,-0.146,0.917,-10.925,69.153,13.306
-0.001,-0.140,0.852,-9.277,70.679,12.634
0.011,-0.123,0.821,-8.423,69.641,11.658
0.027,-0.102,0.790,-7.446,67.810,10.986
0.050,-0.107,0.775,-6.897,65.613,9.766
0.067,-0.135,0.769,-6.592,63.232,8.789
0.076,-0.127,0.761,-7.080,61.768,9.033
0.083,-0.127,0.744,-5.859,60.120,9.216
0.093,-0.113,0.739,-3.723,57.922,9.338
0.117,-0.099,0.739,-0.732,55.481,8.850
0.125,-0.108,0.732,1.099,53.833,7.874
0.126,-0.123,0.709,0.549,53.711,6.958
0.126,-0.159,0.674,1.404,53.223,6.470
0.142,-0.134,0.649,2.563,51.941,7.019
0.167,-0.128,0.583,4.700,50.476,6.714
0.199,-0.133,0.555,3.845,48.828,5.859
0.230,-0.130,0.515,2.319,47.363,5.066
0.244,-0.145,0.475,0.732,45.105,4.272
0.260,-0.156,0.461,-2.625,43.091,4.089
0.286,-0.140,0.451,-4.272,40.039,4.517
0.314,-0.127,0.426,-2.014,36.560,4.456
0.330,-0.139,0.396,0.183,32.898,4.089
0.342,-0.144,0.404,-0.549,29.724,4.150
0.351,-0.164,0.407,-0.854,26.794,4.578
0.368,-0.191,0.387,-0.549,24.841,5.615
0.385,-0.168,0.372,-0.244,22.034,6.836
0.399,-0.138,0.349,-0.244,19.897,7.690
0.417,-0.110,0.339,-2.686,18.188,7.568
0.418,-0.115,0.327,-6.104,16.235,6.653
0.419,-0.140,0.323,-8.972,13.855,5.676
0.422,-0.151,0.336,-10.010,10.559,5.371
0.424,-0.162,0.312,-8.362,7.019,5.432
0.436,-0.153,0.318,-7.019,2.930,6.104
0.451,-0.135,0.333,-6.409,-1.953,6.653
0.450,-0.121,0.357,-5.737,-6.042,6.897
0.441,-0.125,0.374,-4.333,-9.521,6.897
0.430,-0.144,0.382,-3.357,-12.634,7.080
0.435,-0.158,0.409,-3.113,-15.869,7.690
0.434,-0.144,0.442,-2.380,-19.592,8.301
0.422,-0.140,0.446,-0.854,-23.132,8.545
0.409,-0.144,0.467,-0.671,-26.123,8.728
0.392,-0.140,0.492,-1.099,-29.053,9.338
0.367,-0.120,0.512,-1.526,-31.982,9.644
0.340,-0.126,0.531,-0.732,-35.034,8.484

0.304,-0.162,0.569,-1.160,-39.917,7.263
0.282,-0.152,0.589,-2.747,-42.053,7.263
0.299,-0.155,0.608,-2.991,-45.105,6.775
0.301,-0.159,0.650,-3.845,-48.828,5.737
0.269,-0.145,0.701,-7.446,-52.002,5.005
0.225,-0.162,0.767,-11.475,-54.749,3.906
0.184,-0.166,0.855,-14.893,-56.458,3.235
0.133,-0.155,0.900,-16.785,-56.458,3.662
0.098,-0.197,0.900,-14.404,-55.847,3.601
0.070,-0.201,0.926,-12.939,-55.481,4.028
0.059,-0.184,0.915,-11.597,-54.749,5.920
0.098,-0.186,0.879,-8.606,-54.565,6.165
0.118,-0.191,0.869,-6.958,-57.068,6.042
0.111,-0.145,0.897,-8.301,-60.303,6.287
0.102,-0.102,0.926,-9.949,-62.622,6.348
0.090,-0.040,0.978,-12.329,-64.270,6.042
0.072,-0.012,1.035,-12.817,-65.552,4.517
0.054,-0.016,1.057,-13.123,-64.636,2.502
0.042,-0.028,1.047,-13.550,-61.584,0.427
0.036,-0.071,1.005,-14.099,-58.350,-1.648
0.025,-0.121,0.963,-14.404,-56.763,-3.113
0.055,-0.109,0.890,-13.245,-55.969,-4.211
0.084,-0.134,0.808,-12.329,-56.152,-5.554
0.077,-0.104,0.818,-17.273,-62.500,-7.690
0.078,-0.120,0.807,-23.987,-61.951,-8.728
0.064,-0.128,0.849,-31.677,-60.730,-9.705
0.041,-0.111,0.917,-37.903,-61.646,-10.559
0.019,-0.101,0.980,-40.527,-62.683,-10.681
-0.001,-0.084,1.047,-39.124,-63.904,-10.498
-0.017,-0.070,1.142,-34.546,-64.453,-10.559
-0.038,-0.078,1.202,-28.809,-62.439,-10.559
-0.061,-0.079,1.185,-23.071,-56.641,-10.010
-0.082,-0.052,1.127,-19.043,-50.171,-9.460
-0.094,-0.064,0.971,-14.648,-44.983,-10.864
-0.076,-0.092,0.796,-14.099,-43.091,-13.916
-0.113,-0.075,0.859,-22.095,-46.753,-15.930
-0.114,-0.079,0.925,-26.550,-51.025,-16.968
-0.135,-0.159,0.996,-24.536,-52.307,-16.052
-0.143,-0.169,1.036,-22.400,-53.589,-12.939
-0.142,-0.103,1.086,-18.250,-53.345,-9.399
-0.131,-0.085,1.032,-10.315,-51.392,-7.812
-0.142,-0.125,0.959,-5.676,-48.950,-6.958
-0.154,-0.063,1.001,-9.949,-47.974,-4.395
-0.167,0.058,1.067,-12.207,-49.438,-3.967
-0.167,0.048,1.136,-5.615,-53.040,-6.836
-0.176,-0.007,1.218,0.793,-54.749,-9.521
-0.190,-0.010,1.272,1.587,-51.392,-9.399
-0.210,-0.009,1.297,2.686,-46.143,-8.667
-0.237,-0.001,1.255,5.188,-40.283,-8.423
-0.267,-0.013,1.146,7.263,-35.339,-9.155
-0.296,-0.038,1.091,5.859,-33.691,-9.399
-0.327,-0.046,1.120,2.991,-35.156,-9.277
-0.360,-0.043,1.179,1.953,-37.842,-8.911
-0.370,-0.069,1.248,5.737,-40.649,-9.338
-0.376,-0.089,1.333,10.132,-41.931,-8.789
-0.394,-0.075,1.436,10.376,-39.063,-6.165
-0.413,-0.083,1.544,11.108,-33.752,-3.113
-0.416,-0.053,1.602,17.822,-27.466,-1.709
-0.417,-0.015,1.610,26.245,-20.203,-1.038
-0.417,0.034,1.599,26.184,-11.230,-1.099
-0.432,0.067,1.541,21.362,-1.953,-2.319
-0.448,0.031,1.543,16.602,2.930,-4.761
-0.461,-0.037,1.597,12.573,5.676,-5.737
-0.488,-0.070,1.648,11.658,9.216,-4.272
-0.505,-0.080,1.643,14.648,13.245,-1.648
-0.498,-0.083,1.694,18.433,14.771,-0.549
-0.489,-0.060,1.756,21.362,16.052,0.305
-0.473,-0.059,1.757,27.588,20.874,0.977
-0.456,-0.072,1.789,30.945,25.879,1.099
-0.457,-0.052,1.777,30.457,33.264,1.709
-0.460,-0.080,1.680,30.701,42.236,0.732
-0.451,-0.111,1.614,28.870,49.011,-0.671
-0.440,-0.160,1.539,27.466,54.138,-1.160
-0.434,-0.177,1.481,24.841,58.533,-0.366
-0.427,-0.180,1.424,22.461,61.523,0.854
-0.420,-0.211,1.362,23.376,63.049,1.099
-0.401,-0.237,1.320,24.353,63.293,2.014
-0.384,-0.233,1.276,23.865,63.782,4.089
-0.361,-0.232,1.239,23.193,64.453,5.981
-0.335,-0.213,1.243,21.729,65.247,6.958
-0.312,-0.212,1.205,20.264,67.871,7.812
-0.295,-0.228,1.129,19.836,71.411,8.057
-0.275,-0.218,1.055,17.883,74.036,8.057
-0.243,-0.225,0.996,16.541,75.806,7.690
-0.215,-0.257,0.917,14.526,77.087,7.507
-0.196,-0.249,0.863,10.010,77.515,8.789
-0.156,-0.272,0.840,5.981,75.806,9.949
-0.139,-0.270,0.838,1.282,74.402,12.085
-0.105,-0.216,0.879,-4.395,73.425,14.038
-0.084,-0.214,0.882,-3.906,72.388,13.428
-0.070,-0.242,0.873,-2.075,72.937,12.817
-0.037,-0.182,0.858,-4.089,74.463,14.343
-0.007,-0.110,0.837,-5.798,75.928,14.709
0.011,-0.077,0.810,-8.301,77.698,13.123
0.011,-0.078,0.788,-11.597,80.933,10.559
-0.065,-0.065,0.842,-12.878,89.111,7.507
-0.010,-0.109,0.843,-7.080,117.554,-0.183
0.049,-0.183,0.737,3.479,145.264,-8.728
0.056,-0.241,0.627,11.780,151.672,-11.658
0.080,-0.241,0.598,16.541,142.639,-15.869
0.070,-0.221,0.656,22.583,130.005,-16.541
0.083,-0.244,0.553,29.663,128.174,-4.211
0.076,-0.212,0.447,32.227,136.658,0.854
0.104,-0.246,0.280,33.936,144.104,2.136
0.155,-0.288,0.202,29.785,135.742,5.554
0.206,-0.279,0.146,22.339,119.568,10.376
0.262,-0.278,0.064,13.489,93.872,14.587
0.296,-0.297,0.040,-0.549,56.091,19.409
0.284,-0.244,0.104,-19.104,15.198,27.893
0.317,-0.216,0.089,-25.452,-8.789,34.058
0.326,-0.182,0.101,-22.766,-23.315,35.339
0.375,-0.142,0.113,-17.761,-24.658,36.865
0.448,-0.066,0.061,-10.498,-16.541,39.185
0.484,-0.003,0.064,-3.906,-14.587,38.757
0.537,0.031,0.039,4.456,-12.024,33.081
0.596,0.070,0.054,7.446,-9.705,29.663
0.599,0.127,0.099,1.709,-13.184,28.503
0.595,0.153,0.147,-7.935,-16.174,26.306
0.599,0.190,0.287,-20.081,-23.010,24.353

0.558,0.259,0.482,-27.100,-31.677,17.029
0.538,0.241,0.519,-25.818,-36.499,13.367
0.507,0.211,0.557,-26.550,-42.419,10.681
0.464,0.182,0.596,-27.161,-46.631,9.155
0.421,0.127,0.636,-25.574,-50.659,8.057
0.373,0.075,0.661,-22.217,-51.880,7.080
0.324,0.055,0.662,-18.677,-51.880,6.592
0.271,0.055,0.660,-15.808,-50.781,5.615
0.231,0.031,0.649,-13.733,-50.110,3.357
0.207,0.043,0.655,-10.925,-49.194,0.732
0.206,0.004,0.701,-10.437,-53.406,-1.282
0.204,-0.032,0.781,-11.658,-56.213,-2.563
0.165,-0.063,0.847,-10.620,-54.871,-5.859
0.165,-0.088,0.958,-9.155,-54.993,-7.324
0.161,-0.085,0.960,-3.174,-50.476,-7.629
0.160,-0.055,0.904,2.808,-47.974,-8.240
0.167,-0.049,0.837,5.371,-46.082,-9.644
0.147,-0.083,0.774,3.723,-46.631,-10.925
0.118,-0.105,0.801,-2.380,-48.218,-11.292
0.100,-0.135,0.862,-7.324,-49.866,-11.108
0.081,-0.163,0.901,-6.409,-50.537,-10.620
0.075,-0.159,0.920,-2.747,-50.476,-9.460
0.082,-0.154,0.881,2.808,-49.744,-8.728
0.091,-0.167,0.813,7.202,-48.645,-8.667
0.104,-0.171,0.751,8.362,-49.988,-9.338
0.129,-0.137,0.725,5.920,-52.124,-10.193
0.102,-0.065,0.770,-1.221,-55.603,-10.132
0.070,-0.015,0.835,-8.545,-59.082,-11.597
0.033,-0.034,0.892,-11.536,-61.829,-14.404
-0.005,-0.079,0.945,-10.986,-63.965,-16.418
-0.036,-0.112,1.012,-8.545,-66.650,-16.174
-0.053,-0.119,1.096,-3.662,-68.237,-14.526
-0.064,-0.156,1.136,3.540,-67.505,-13.184
-0.074,-0.185,1.085,11.902,-63.538,-11.047
-0.041,-0.165,1.000,18.372,-59.387,-9.033
-0.030,-0.139,0.928,21.545,-57.556,-9.338
-0.042,-0.093,0.889,18.188,-56.396,-9.766
-0.044,-0.048,0.947,7.690,-56.030,-10.437
-0.069,-0.035,0.967,-1.526,-55.847,-12.573
-0.097,-0.080,0.974,-7.019,-54.993,-16.602
-0.138,-0.152,1.002,-12.268,-54.993,-19.043
-0.190,-0.176,1.073,-17.517,-55.359,-17.639
-0.205,-0.204,1.156,-16.968,-55.786,-14.099
-0.218,-0.221,1.201,-7.690,-56.274,-11.230
-0.207,-0.178,1.199,2.747,-54.871,-7.141
-0.187,-0.171,1.145,13.123,-51.880,-5.737
-0.194,-0.160,1.040,18.921,-49.194,-5.310
-0.220,-0.152,0.963,17.700,-48.340,-5.493
-0.225,-0.124,1.018,9.766,-50.781,-6.226
-0.239,-0.117,1.039,2.502,-51.086,-6.104
-0.251,-0.190,1.089,-3.418,-49.561,-6.470
-0.267,-0.179,1.175,-8.606,-47.974,-5.127
-0.260,-0.157,1.199,-8.240,-44.312,-2.686
-0.254,-0.148,1.219,-2.808,-42.236,-1.953
-0.249,-0.134,1.235,2.991,-41.016,-1.465
-0.241,-0.133,1.250,6.409,-38.635,-0.549
-0.243,-0.107,1.229,6.348,-34.912,0.977
-0.255,-0.088,1.171,5.066,-31.250,1.709
-0.268,-0.090,1.156,3.052,-30.579,1.099
-0.279,-0.084,1.154,0.732,-31.189,0.610
-0.286,-0.109,1.154,0.122,-31.799,-0.061
-0.296,-0.142,1.234,0.122,-34.119,-0.977
-0.289,-0.108,1.351,0.671,-34.485,0.488
-0.268,-0.087,1.404,5.310,-31.677,1.221
-0.257,-0.068,1.400,9.583,-26.978,1.221
-0.256,-0.038,1.365,10.010,-21.240,0.916
-0.267,-0.071,1.367,6.775,-16.663,-0.061
-0.283,-0.097,1.430,1.953,-13.489,-0.366
-0.297,-0.115,1.459,1.770,-10.071,0.183
-0.307,-0.125,1.481,5.310,-6.897,0.488
-0.311,-0.117,1.488,8.301,-3.845,1.465
-0.311,-0.121,1.474,11.230,-0.671,2.502
-0.321,-0.117,1.484,11.658,1.282,2.991
-0.320,-0.120,1.494,11.292,4.089,3.784
-0.323,-0.104,1.533,10.498,5.859,3.662
-0.328,-0.134,1.507,11.841,8.911,2.625
-0.333,-0.164,1.556,11.597,10.742,2.075
-0.333,-0.162,1.616,10.010,14.160,3.174
-0.332,-0.150,1.648,10.559,18.677,4.028
-0.325,-0.133,1.640,13.550,24.475,4.456
-0.320,-0.154,1.604,15.869,30.273,4.395
-0.321,-0.161,1.585,17.090,34.912,5.005
-0.323,-0.140,1.599,17.761,38.452,5.859
-0.325,-0.139,1.562,20.325,42.847,5.615
-0.327,-0.179,1.496,22.644,47.974,4.578
-0.330,-0.198,1.431,21.057,52.856,5.188
-0.328,-0.214,1.375,19.043,56.946,6.226
-0.328,-0.241,1.312,18.494,60.120,6.958
-0.318,-0.234,1.252,18.433,62.317,7.874
-0.301,-0.242,1.177,18.311,63.965,8.667
-0.285,-0.235,1.126,16.296,64.697,9.521
-0.270,-0.248,1.105,13.367,64.331,9.949
-0.261,-0.251,1.137,9.705,64.270,10.986
-0.245,-0.253,1.171,7.751,64.941,11.902
-0.223,-0.241,1.129,10.498,67.505,12.512
-0.197,-0.185,1.071,12.390,70.496,13.245
-0.172,-0.195,0.988,12.756,73.059,11.597
-0.154,-0.255,0.922,9.583,75.745,10.498
-0.157,-0.283,0.895,3.479,77.576,11.047
-0.132,-0.281,0.903,-0.244,78.491,12.695
-0.122,-0.258,0.878,0.244,78.918,13.916
-0.102,-0.229,0.848,2.136,78.186,14.954
-0.087,-0.223,0.830,2.625,76.843,15.259
-0.067,-0.182,0.830,0.305,76.721,16.113
-0.048,-0.160,0.803,-0.244,76.172,15.991
-0.023,-0.202,0.777,2.625,74.707,14.343
0.000,-0.213,0.749,4.700,73.425,13.855
0.021,-0.187,0.724,5.310,72.693,14.587
0.044,-0.177,0.663,6.104,71.899,13.855
0.067,-0.218,0.564,6.653,70.923,12.329
0.092,-0.209,0.518,2.014,68.237,12.878
0.109,-0.158,0.566,-5.432,62.744,13.489
0.140,-0.142,0.578,-8.850,57.434,13.000
0.160,-0.152,0.581,-11.230,52.368,12.268
0.173,-0.122,0.619,-16.663,47.424,11.963
0.198,-0.110,0.682,-20.691,43.213,11.047
0.204,-0.117,0.731,-19.348,40.894,9.521
0.197,-0.129,0.695,-14.832,42.114,9.766
0.193,-0.101,0.646,-10.254,42.236,9.949

0.216,-0.062,0.551,-3.296,39.673,7.751
0.229,-0.085,0.464,-1.953,38.879,6.531
0.249,-0.118,0.407,-3.235,35.828,4.944
0.267,-0.116,0.373,-6.042,32.776,4.761
0.284,-0.117,0.357,-7.568,29.358,5.310
0.299,-0.106,0.369,-8.850,25.696,5.798
0.307,-0.095,0.391,-9.033,21.667,6.531
0.320,-0.075,0.409,-6.470,17.334,7.202
0.347,-0.070,0.421,-2.747,13.550,7.324
0.363,-0.046,0.421,-0.488,10.559,7.874
0.383,-0.056,0.386,0.916,8.850,7.568
0.395,-0.048,0.351,0.366,6.775,7.385
0.409,-0.025,0.351,-1.709,3.967,7.019
0.419,-0.020,0.360,-3.357,0.305,5.432
0.400,-0.021,0.334,-4.761,-2.808,4.150
0.392,-0.015,0.346,-7.874,-6.226,3.357
0.393,-0.000,0.376,-9.399,-10.925,2.808
0.383,0.004,0.405,-8.667,-16.113,1.831
0.376,-0.006,0.455,-7.324,-21.179,0.671
0.373,-0.042,0.488,-4.639,-25.024,-0.122
0.352,-0.066,0.515,-2.563,-27.466,-0.061
0.327,-0.042,0.532,-1.648,-29.175,0.793
0.311,-0.030,0.508,1.343,-30.762,0.549
0.304,-0.022,0.501,3.235,-33.386,-0.488
0.295,-0.008,0.508,2.258,-36.133,-1.709
0.279,-0.027,0.520,0.732,-39.246,-3.601
0.258,-0.057,0.542,-1.099,-41.748,-5.554
0.236,-0.079,0.573,-3.662,-44.067,-6.775
0.209,-0.100,0.585,-4.395,-45.593,-7.690
0.193,-0.132,0.587,-4.028,-47.485,-8.240
0.181,-0.137,0.595,-4.089,-49.744,-7.996
0.169,-0.112,0.633,-4.822,-53.955,-7.202
0.172,-0.086,0.676,-4.456,-58.044,-7.751
0.156,-0.084,0.701,-3.845,-60.425,-8.606
0.147,-0.072,0.746,-4.578,-62.012,-9.216
0.132,-0.066,0.797,-5.554,-62.439,-10.376
0.103,-0.089,0.797,-4.395,-61.279,-10.986
0.071,-0.112,0.798,-3.174,-60.852,-10.437
0.048,-0.102,0.848,-2.869,-61.829,-9.827
0.026,-0.099,0.895,0.549,-62.805,-9.644
0.014,-0.117,0.922,6.714,-63.782,-10.498
0.003,-0.153,0.927,11.902,-64.087,-10.986
-0.003,-0.178,0.938,14.099,-63.416,-11.230
-0.015,-0.183,0.888,16.479,-62.012,-10.986
-0.024,-0.192,0.841,16.968,-61.707,-11.169
-0.046,-0.194,0.833,13.733,-62.256,-10.925
-0.061,-0.165,0.885,7.324,-63.599,-10.254
-0.082,-0.159,0.935,3.723,-64.575,-10.742
-0.114,-0.156,0.948,3.174,-65.308,-11.902
-0.130,-0.173,0.959,4.883,-67.078,-13.306
-0.143,-0.158,1.003,5.859,-69.763,-14.282
-0.161,-0.154,1.052,6.897,-71.167,-14.709
-0.182,-0.182,1.074,9.583,-69.519,-14.954
-0.206,-0.217,1.080,12.695,-67.322,-14.526
-0.224,-0.245,1.049,15.320,-64.270,-12.878
-0.232,-0.275,0.999,18.066,-61.523,-10.925
-0.239,-0.244,0.961,18.616,-60.181,-8.972
-0.239,-0.229,0.936,17.639,-60.181,-8.850
-0.242,-0.265,0.944,15.320,-60.059,-9.521
-0.251,-0.246,1.012,7.263,-59.448,-8.179
-0.258,-0.171,1.104,1.038,-59.387,-6.897
-0.262,-0.176,1.169,2.686,-60.059,-9.460
-0.276,-0.184,1.262,3.235,-60.120,-11.414
-0.282,-0.192,1.317,2.380,-56.519,-11.169
-0.303,-0.167,1.290,7.812,-52.917,-13.000
-0.298,-0.202,1.336,11.536,-49.805,-13.733
-0.313,-0.206,1.261,15.015,-46.265,-13.550
-0.310,-0.233,1.187,17.334,-41.870,-13.306
-0.316,-0.271,1.080,14.954,-39.978,-13.062
-0.322,-0.272,1.059,9.766,-40.894,-12.146
-0.331,-0.263,1.138,3.967,-44.800,-10.437
-0.353,-0.260,1.210,0.305,-46.448,-9.033
-0.361,-0.261,1.289,-1.160,-45.837,-8.240
-0.363,-0.280,1.329,-1.587,-43.518,-6.714
-0.361,-0.246,1.354,-3.784,-38.513,-3.784
-0.350,-0.221,1.371,-5.676,-34.241,-2.319
-0.355,-0.215,1.418,-6.226,-30.396,-1.953
-0.360,-0.219,1.486,-5.310,-27.954,-2.319
-0.367,-0.219,1.553,-3.052,-24.658,-2.319
-0.379,-0.228,1.572,-0.427,-20.020,-1.770
-0.390,-0.235,1.574,2.380,-14.832,-1.221
-0.394,-0.246,1.553,4.700,-9.766,-0.732
-0.397,-0.272,1.559,5.615,-5.981,0.000
-0.408,-0.276,1.564,4.639,-2.197,1.343
-0.416,-0.266,1.589,3.357,0.610,2.563
-0.422,-0.277,1.633,1.343,3.906,3.296
-0.430,-0.282,1.697,-1.404,8.057,4.150
-0.440,-0.292,1.764,-3.235,13.000,5.615
-0.453,-0.285,1.799,-2.502,19.287,6.958
-0.452,-0.304,1.791,1.465,26.489,7.812
-0.454,-0.319,1.726,7.019,33.264,9.155
-0.442,-0.257,1.645,9.949,39.795,11.292
-0.422,-0.239,1.590,11.353,44.373,11.230
-0.414,-0.257,1.536,10.254,48.889,10.864
-0.412,-0.262,1.520,7.751,53.284,11.597
-0.405,-0.282,1.490,8.606,56.519,12.268
-0.389,-0.292,1.418,11.597,60.547,13.123
-0.384,-0.291,1.331,13.367,64.087,14.587
-0.371,-0.268,1.249,13.489,66.711,15.686
-0.354,-0.266,1.204,13.550,67.871,16.174
-0.331,-0.240,1.174,11.963,68.970,16.968
-0.302,-0.244,1.116,11.536,70.801,16.724
-0.270,-0.232,1.051,11.902,72.266,16.479
-0.240,-0.203,0.974,11.902,72.571,16.785
-0.199,-0.192,0.930,10.254,72.327,16.357
-0.180,-0.207,0.921,7.141,71.655,15.625
-0.160,-0.215,0.939,3.418,71.472,15.869
-0.154,-0.232,0.962,3.540,71.655,15.991
-0.139,-0.219,0.941,6.592,72.205,16.479
-0.115,-0.214,0.890,10.376,73.242,16.357
-0.110,-0.229,0.827,10.620,74.524,15.930
-0.105,-0.249,0.787,7.019,75.317,16.113
-0.106,-0.262,0.797,3.296,74.219,16.357
-0.106,-0.237,0.832,1.282,72.266,16.785
-0.101,-0.253,0.820,3.174,70.190,16.479
-0.089,-0.273,0.827,4.639,69.031,16.296
-0.078,-0.260,0.828,4.578,68.420,17.395
-0.071,-0.272,0.812,5.249,68.420,17.761
-0.071,-0.307,0.801,6.653,68.176,18.311

-0.057,-0.320,0.809,8.118,68.054,20.691
-0.044,-0.286,0.776,8.057,69.763,22.949
-0.024,-0.260,0.728,7.385,70.435,24.170
-0.001,-0.292,0.681,7.568,69.641,23.865
0.003,-0.306,0.666,6.104,68.176,24.475
0.014,-0.298,0.675,6.165,65.430,25.635
0.029,-0.289,0.688,9.338,62.073,26.917
0.041,-0.296,0.658,14.893,59.753,28.198
0.057,-0.285,0.628,19.775,57.922,30.029
0.079,-0.242,0.610,22.461,56.458,32.410
0.101,-0.189,0.574,23.926,56.335,34.363
0.116,-0.152,0.520,24.353,56.946,35.400
0.134,-0.095,0.458,23.376,57.556,35.583
0.207,-0.056,0.356,23.560,58.350,33.081
0.238,-0.078,0.276,24.353,55.664,28.320
0.297,-0.119,0.089,23.010,55.115,25.696
0.341,-0.103,0.045,14.404,49.561,25.574
0.380,-0.032,0.047,4.517,40.405,25.635
0.430,0.019,0.025,0.793,32.288,23.804
0.470,0.022,0.033,-1.282,22.949,19.897
0.482,0.001,0.040,-4.578,14.282,16.846
0.497,0.001,0.102,-8.728,5.798,15.015
0.503,0.006,0.177,-10.376,-1.831,13.062
0.521,0.002,0.227,-9.216,-6.958,10.498
0.541,0.030,0.244,-8.301,-10.437,8.606
0.546,0.065,0.220,-6.714,-13.672,6.409
0.538,0.085,0.205,-7.507,-17.395,3.174
0.512,0.069,0.199,-11.047,-21.667,0.122
0.477,0.064,0.251,-16.296,-27.222,-2.380
0.446,0.024,0.284,-17.639,-33.569,-6.592
0.408,-0.021,0.335,-17.395,-39.856,-10.681
0.379,-0.030,0.410,-18.677,-46.082,-12.634
0.340,-0.050,0.459,-17.273,-50.964,-14.587
0.307,-0.104,0.512,-15.198,-55.542,-17.029
0.277,-0.123,0.569,-14.893,-58.594,-17.822
0.250,-0.114,0.613,-15.259,-60.486,-18.494
0.219,-0.153,0.623,-14.893,-61.401,-19.897
0.182,-0.193,0.654,-16.785,-62.988,-20.813
0.147,-0.195,0.707,-21.240,-63.965,-20.264
0.109,-0.201,0.754,-25.452,-64.270,-19.714
0.083,-0.191,0.814,-26.672,-65.308,-19.470
0.054,-0.227,0.830,-22.705,-66.223,-19.714
0.030,-0.263,0.826,-17.517,-66.895,-18.738
0.021,-0.220,0.846,-13.733,-68.542,-16.357
0.026,-0.177,0.859,-9.827,-69.641,-15.442
0.033,-0.156,0.886,-7.935,-69.885,-16.296
0.049,-0.125,0.887,-8.667,-68.176,-17.517
0.040,-0.097,0.879,-11.780,-65.796,-19.470
0.021,-0.118,0.859,-16.052,-63.354,-21.973
